{
  "categories": [
    {
      "id": "585d4f72-dbe3-4618-b6e2-c56af386c01e",
      "name": "Shortcuts",
      "shortcuts": [
        {
          "bodyContent": "###MESSAGE-\u003emedia\nPAUSE",
          "codeOnPrepare": "getVariable(/*[variable]*/\"9b19cc59-e99e-43ae-9cf7-d81a3220ee43\"/*[/variable]*/)\ngetVariable(/*[variable]*/\"ffd138af-6914-4a70-833c-b4963a05addb\"/*[/variable]*/)\n",
          "description": "pause",
          "executionType": "mqtt",
          "iconName": "custom-icon_x1755786805804.png",
          "id": "a4b4d24b-324d-4475-950f-0e68cff69e1f",
          "name": "PAUSE",
          "password": "{{ffd138af-6914-4a70-833c-b4963a05addb}}",
          "runInForegroundService": true,
          "url": "tcp://{{cbcc08bb-fd58-4050-8aa3-98e158474a01}}:1883",
          "username": "{{9b19cc59-e99e-43ae-9cf7-d81a3220ee43}}"
        },
        {
          "bodyContent": "###MESSAGE-\u003emedia\nPREV",
          "codeOnPrepare": "getVariable(/*[variable]*/\"9b19cc59-e99e-43ae-9cf7-d81a3220ee43\"/*[/variable]*/)\ngetVariable(/*[variable]*/\"ffd138af-6914-4a70-833c-b4963a05addb\"/*[/variable]*/)\n",
          "description": "previous",
          "executionType": "mqtt",
          "iconName": "custom-icon_x1755786749030.png",
          "id": "0c938943-4129-4386-b453-4200e6352b3d",
          "name": "PREV",
          "password": "{{ffd138af-6914-4a70-833c-b4963a05addb}}",
          "runInForegroundService": true,
          "url": "tcp://{{cbcc08bb-fd58-4050-8aa3-98e158474a01}}:1883",
          "username": "{{9b19cc59-e99e-43ae-9cf7-d81a3220ee43}}"
        },
        {
          "bodyContent": "###MESSAGE-\u003emedia\nNEXT",
          "codeOnPrepare": "getVariable(/*[variable]*/\"9b19cc59-e99e-43ae-9cf7-d81a3220ee43\"/*[/variable]*/)\ngetVariable(/*[variable]*/\"ffd138af-6914-4a70-833c-b4963a05addb\"/*[/variable]*/)\n",
          "description": "next",
          "executionType": "mqtt",
          "iconName": "custom-icon_x1755786796964.png",
          "id": "142756d7-ddc5-4ae4-b30f-60a5bf1399db",
          "name": "NEXT",
          "password": "{{ffd138af-6914-4a70-833c-b4963a05addb}}",
          "runInForegroundService": true,
          "url": "tcp://{{cbcc08bb-fd58-4050-8aa3-98e158474a01}}:1883",
          "username": "{{9b19cc59-e99e-43ae-9cf7-d81a3220ee43}}"
        },
        {
          "bodyContent": "###MESSAGE-\u003emedia\nVOL_UP",
          "codeOnPrepare": "getVariable(/*[variable]*/\"9b19cc59-e99e-43ae-9cf7-d81a3220ee43\"/*[/variable]*/)\ngetVariable(/*[variable]*/\"ffd138af-6914-4a70-833c-b4963a05addb\"/*[/variable]*/)\n",
          "description": "volume up",
          "executionType": "mqtt",
          "iconName": "custom-icon_x1755857684972.png",
          "id": "a81897cf-2a39-4634-bc0c-751824bf8401",
          "name": "VOL_UP",
          "password": "{{ffd138af-6914-4a70-833c-b4963a05addb}}",
          "runInForegroundService": true,
          "url": "tcp://{{cbcc08bb-fd58-4050-8aa3-98e158474a01}}:1883",
          "username": "{{9b19cc59-e99e-43ae-9cf7-d81a3220ee43}}"
        },
        {
          "bodyContent": "###MESSAGE-\u003emedia\nVOL_DOWN",
          "codeOnPrepare": "getVariable(/*[variable]*/\"9b19cc59-e99e-43ae-9cf7-d81a3220ee43\"/*[/variable]*/)\ngetVariable(/*[variable]*/\"ffd138af-6914-4a70-833c-b4963a05addb\"/*[/variable]*/)\n",
          "description": "volume down",
          "executionType": "mqtt",
          "iconName": "custom-icon_x1755857706361.png",
          "id": "8dba8959-7b5c-4090-8427-a9eb7556ade9",
          "name": "VOL_DOWN",
          "password": "{{ffd138af-6914-4a70-833c-b4963a05addb}}",
          "runInForegroundService": true,
          "url": "tcp://{{cbcc08bb-fd58-4050-8aa3-98e158474a01}}:1883",
          "username": "{{9b19cc59-e99e-43ae-9cf7-d81a3220ee43}}"
        },
        {
          "bodyContent": "###MESSAGE-\u003emedia\nMUTE",
          "codeOnPrepare": "getVariable(/*[variable]*/\"9b19cc59-e99e-43ae-9cf7-d81a3220ee43\"/*[/variable]*/)\ngetVariable(/*[variable]*/\"ffd138af-6914-4a70-833c-b4963a05addb\"/*[/variable]*/)\n",
          "description": "toggle mute",
          "executionType": "mqtt",
          "iconName": "custom-icon_x1755857729812.png",
          "id": "ab0a2d29-e4b2-48d0-a2b1-82f2e5074ce3",
          "name": "MUTE",
          "password": "{{ffd138af-6914-4a70-833c-b4963a05addb}}",
          "runInForegroundService": true,
          "url": "tcp://{{cbcc08bb-fd58-4050-8aa3-98e158474a01}}:1883",
          "username": "{{9b19cc59-e99e-43ae-9cf7-d81a3220ee43}}"
        },
        {
          "bodyContent": "###MESSAGE-\u003emedia\nSESSION_UP",
          "codeOnPrepare": "getVariable(/*[variable]*/\"9b19cc59-e99e-43ae-9cf7-d81a3220ee43\"/*[/variable]*/)\ngetVariable(/*[variable]*/\"ffd138af-6914-4a70-833c-b4963a05addb\"/*[/variable]*/)\n",
          "description": "next session",
          "executionType": "mqtt",
          "iconName": "custom-icon_x1755869427831.png",
          "id": "3f617664-97fd-454e-8928-63e5241793fe",
          "name": "SESSSION_UP",
          "password": "{{ffd138af-6914-4a70-833c-b4963a05addb}}",
          "runInForegroundService": true,
          "url": "tcp://{{cbcc08bb-fd58-4050-8aa3-98e158474a01}}:1883",
          "username": "{{9b19cc59-e99e-43ae-9cf7-d81a3220ee43}}"
        },
        {
          "bodyContent": "###MESSAGE-\u003emedia\nSESSION_DOWN",
          "codeOnPrepare": "getVariable(/*[variable]*/\"9b19cc59-e99e-43ae-9cf7-d81a3220ee43\"/*[/variable]*/)\ngetVariable(/*[variable]*/\"ffd138af-6914-4a70-833c-b4963a05addb\"/*[/variable]*/)\n",
          "description": "previous session",
          "executionType": "mqtt",
          "iconName": "custom-icon_x1755869438749.png",
          "id": "1bf8b4a0-73e4-4b32-a784-12ea3f1c3306",
          "name": "SESSSION_DOWN",
          "password": "{{ffd138af-6914-4a70-833c-b4963a05addb}}",
          "runInForegroundService": true,
          "url": "tcp://{{cbcc08bb-fd58-4050-8aa3-98e158474a01}}:1883",
          "username": "{{9b19cc59-e99e-43ae-9cf7-d81a3220ee43}}"
        }
      ]
    }
  ],
  "compatibilityVersion": 90,
  "createdAt": "2025-08-22T14:23:50.194967Z",
  "originDeviceId": "REDACTED",
  "variables": [
    {
      "id": "cbcc08bb-fd58-4050-8aa3-98e158474a01",
      "key": "rpi_ip",
      "value": "YOUR_MQTT_IP"
    },
    {
      "id": "9b19cc59-e99e-43ae-9cf7-d81a3220ee43",
      "jsonEncode": true,
      "key": "rpi_mqtt_user",
      "value": "YOUR_MQTT_USERNAME"
    },
    {
      "id": "ffd138af-6914-4a70-833c-b4963a05addb",
      "jsonEncode": true,
      "key": "rpi_mqtt_password",
      "value": "YOUR_MQTT_PASSWORD"
    }
  ],
  "version": 91
}